{
  "training_date": "2025-02-27 16:58:52",
  "dataset_stats": {
    "total_incidents": 25000,
    "category_counts": {
      "SOFTWARE": 5000,
      "HARDWARE": 5000,
      "SECURITY": 5000,
      "NETWORK": 5000,
      "DATABASE": 5000
    },
    "priority_counts": {
      "3": 7441,
      "2": 7285,
      "1": 6048,
      "4": 4226
    }
  },
  "performance_metrics": {
    "category": {
      "accuracy": 0.9968,
      "macro_avg_f1": 0.9967977816082957,
      "weighted_avg_f1": 0.9967977816082957
    },
    "priority": {
      "accuracy": 0.3308,
      "macro_avg_f1": 0.32304968531111017,
      "weighted_avg_f1": 0.31674674319783597
    }
  }
}